{"cameraMode":{"drawMode":0,"name":"Shaded","section":"Shading Mode"},"sceneLighting":false,"audioPlay":false,"sceneViewState":{"m_AlwaysRefresh":false,"showFog":true,"showSkybox":false,"showFlares":true,"showImageEffects":true,"showParticleSystems":true,"showVisualEffectGraphs":true,"m_FxEnabled":true},"in2DMode":false,"pivot":{"x":-0.0773344412446022,"y":0.10288933664560318,"z":-0.10828924179077149},"rotation":{"x":-0.07422540336847305,"y":0.9119240641593933,"z":-0.35674890875816347,"w":-0.1897389143705368},"size":0.06510372459888458,"orthographic":false}