{"cameraMode":{"drawMode":0,"name":"Shaded","section":"Shading Mode"},"sceneLighting":false,"audioPlay":false,"sceneViewState":{"m_AlwaysRefresh":false,"showFog":true,"showSkybox":false,"showFlares":true,"showImageEffects":true,"showParticleSystems":true,"showVisualEffectGraphs":true,"m_FxEnabled":true},"in2DMode":false,"pivot":{"x":12.058002471923829,"y":19.737529754638673,"z":5.836831569671631},"rotation":{"x":-0.09175562858581543,"y":-0.6967689394950867,"z":0.09060409665107727,"w":-0.7056207060813904},"size":3.2660250663757326,"orthographic":false}