{"cameraMode":{"drawMode":0,"name":"Shaded","section":"Shading Mode"},"sceneLighting":false,"audioPlay":false,"sceneViewState":{"m_AlwaysRefresh":false,"showFog":true,"showSkybox":false,"showFlares":true,"showImageEffects":true,"showParticleSystems":true,"showVisualEffectGraphs":true,"m_FxEnabled":true},"in2DMode":false,"pivot":{"x":0.03377651423215866,"y":0.1063305214047432,"z":0.0012909173965454102},"rotation":{"x":0.0018836461240425706,"y":-0.9915646910667419,"z":0.131047323346138,"w":0.013900975696742535},"size":0.11481799930334091,"orthographic":false}