{"cameraMode":{"drawMode":0,"name":"Shaded","section":"Shading Mode"},"sceneLighting":false,"audioPlay":false,"sceneViewState":{"m_AlwaysRefresh":false,"showFog":true,"showSkybox":false,"showFlares":true,"showImageEffects":true,"showParticleSystems":true,"showVisualEffectGraphs":true,"m_FxEnabled":true},"in2DMode":false,"pivot":{"x":0.49417853355407717,"y":-0.23848791420459748,"z":-0.2597026824951172},"rotation":{"x":-0.049877990037202838,"y":-0.797759473323822,"z":0.06675239652395249,"w":-0.5976749062538147},"size":0.8660253882408142,"orthographic":false}