{"cameraMode":{"drawMode":0,"name":"Shaded","section":"Shading Mode"},"sceneLighting":false,"audioPlay":false,"sceneViewState":{"m_AlwaysRefresh":false,"showFog":true,"showSkybox":false,"showFlares":true,"showImageEffects":true,"showParticleSystems":true,"showVisualEffectGraphs":true,"m_FxEnabled":true},"in2DMode":false,"pivot":{"x":-0.46221068501472475,"y":-1.240706205368042,"z":-0.0015888791531324387},"rotation":{"x":-0.4483267366886139,"y":0.5451068878173828,"z":-0.44072583317756655,"w":-0.5547321438789368},"size":1.1320507526397706,"orthographic":false}