{"cameraMode":{"drawMode":0,"name":"Shaded","section":"Shading Mode"},"sceneLighting":false,"audioPlay":false,"sceneViewState":{"m_AlwaysRefresh":false,"showFog":true,"showSkybox":false,"showFlares":true,"showImageEffects":true,"showParticleSystems":true,"showVisualEffectGraphs":true,"m_FxEnabled":true},"in2DMode":false,"pivot":{"x":1.3827996253967286,"y":-0.1985800862312317,"z":0.43210482597351076},"rotation":{"x":0.10580989718437195,"y":0.5847700238227844,"z":-0.07727093994617462,"w":0.8005617260932922},"size":1.6332921981811524,"orthographic":false}