{"cameraMode":{"drawMode":0,"name":"Shaded","section":"Shading Mode"},"sceneLighting":false,"audioPlay":false,"sceneViewState":{"m_AlwaysRefresh":false,"showFog":true,"showSkybox":false,"showFlares":true,"showImageEffects":true,"showParticleSystems":true,"showVisualEffectGraphs":true,"m_FxEnabled":true},"in2DMode":false,"pivot":{"x":-0.42265766859054568,"y":0.5003578662872315,"z":2.084062099456787},"rotation":{"x":-0.0892891138792038,"y":0.006611258257180452,"z":-0.0008023587288334966,"w":-0.9961115717887878},"size":3.596914768218994,"orthographic":false}