{"cameraMode":{"drawMode":0,"name":"Shaded","section":"Shading Mode"},"sceneLighting":true,"audioPlay":false,"sceneViewState":{"m_AlwaysRefresh":false,"showFog":true,"showSkybox":false,"showFlares":true,"showImageEffects":true,"showParticleSystems":true,"showVisualEffectGraphs":true,"m_FxEnabled":true},"in2DMode":false,"pivot":{"x":0.1108999252319336,"y":-0.06130027770996094,"z":0.6948995590209961},"rotation":{"x":0.00002876686085073743,"y":0.999697744846344,"z":-0.027901263907551767,"w":-0.008641529828310013},"size":24.24871063232422,"orthographic":false}