{"cameraMode":{"drawMode":0,"name":"Shaded","section":"Shading Mode"},"sceneLighting":false,"audioPlay":false,"sceneViewState":{"m_AlwaysRefresh":false,"showFog":true,"showSkybox":false,"showFlares":true,"showImageEffects":true,"showParticleSystems":true,"showVisualEffectGraphs":true,"m_FxEnabled":true},"in2DMode":false,"pivot":{"x":-11.995176315307618,"y":0.5132781267166138,"z":-0.049954287707805637},"rotation":{"x":-0.09175562858581543,"y":-0.6967689394950867,"z":0.09060409665107727,"w":-0.7056207060813904},"size":2.400017023086548,"orthographic":false}