{"cameraMode":{"drawMode":0,"name":"Shaded","section":"Shading Mode"},"sceneLighting":false,"audioPlay":false,"sceneViewState":{"m_AlwaysRefresh":false,"showFog":true,"showSkybox":false,"showFlares":true,"showImageEffects":true,"showParticleSystems":true,"showVisualEffectGraphs":true,"m_FxEnabled":true},"in2DMode":false,"pivot":{"x":1.6129707098007203,"y":0.39534860849380495,"z":7.017003536224365},"rotation":{"x":-0.1061486154794693,"y":-0.13852356374263764,"z":0.014940859749913216,"w":-0.9845775365829468},"size":2.104257345199585,"orthographic":false}