{"cameraMode":{"drawMode":0,"name":"Shaded","section":"Shading Mode"},"sceneLighting":false,"audioPlay":false,"sceneViewState":{"m_AlwaysRefresh":false,"showFog":true,"showSkybox":false,"showFlares":true,"showImageEffects":true,"showParticleSystems":true,"showVisualEffectGraphs":true,"m_FxEnabled":true},"in2DMode":false,"pivot":{"x":-1.6339722871780396,"y":1.3571608066558838,"z":1.5075531005859376},"rotation":{"x":-0.11596756428480149,"y":-0.05388409644365311,"z":0.006306896917521954,"w":-0.9918068647384644},"size":3.247756004333496,"orthographic":false}