{"cameraMode":{"drawMode":0,"name":"Shaded","section":"Shading Mode"},"sceneLighting":false,"audioPlay":false,"sceneViewState":{"m_AlwaysRefresh":false,"showFog":true,"showSkybox":false,"showFlares":true,"showImageEffects":true,"showParticleSystems":true,"showVisualEffectGraphs":true,"m_FxEnabled":true},"in2DMode":false,"pivot":{"x":1.0980169773101807,"y":0.582621157169342,"z":1.0969434976577759},"rotation":{"x":0.09426484256982804,"y":0.6267657279968262,"z":-0.07668162882328034,"w":0.7697414755821228},"size":1.0630853176116944,"orthographic":false}