{"cameraMode":{"drawMode":0,"name":"Shaded","section":"Shading Mode"},"sceneLighting":false,"audioPlay":false,"sceneViewState":{"m_AlwaysRefresh":false,"showFog":true,"showSkybox":false,"showFlares":true,"showImageEffects":true,"showParticleSystems":true,"showVisualEffectGraphs":true,"m_FxEnabled":true},"in2DMode":false,"pivot":{"x":0.4749443531036377,"y":1.5927437543869019,"z":0.27925699949264529},"rotation":{"x":0.002653743838891387,"y":0.1699049323797226,"z":0.0004434727889019996,"w":-0.9855043888092041},"size":3.5240914821624758,"orthographic":false}