{"cameraMode":{"drawMode":0,"name":"Shaded","section":"Shading Mode"},"sceneLighting":false,"audioPlay":false,"sceneViewState":{"m_AlwaysRefresh":false,"showFog":true,"showSkybox":false,"showFlares":true,"showImageEffects":true,"showParticleSystems":true,"showVisualEffectGraphs":true,"m_FxEnabled":true},"in2DMode":false,"pivot":{"x":0.02765047550201416,"y":0.03183162212371826,"z":0.011220812797546387},"rotation":{"x":-0.09175562858581543,"y":-0.6967689394950867,"z":0.09060409665107727,"w":-0.7056207060813904},"size":2.138869047164917,"orthographic":false}