{"cameraMode":{"drawMode":0,"name":"Shaded","section":"Shading Mode"},"sceneLighting":false,"audioPlay":false,"sceneViewState":{"m_AlwaysRefresh":false,"showFog":true,"showSkybox":false,"showFlares":true,"showImageEffects":true,"showParticleSystems":true,"showVisualEffectGraphs":true,"m_FxEnabled":true},"in2DMode":false,"pivot":{"x":0.003263235092163086,"y":0.132962167263031,"z":0.7152033448219299},"rotation":{"x":-0.058389756828546527,"y":-0.6928309202194214,"z":0.0564572736620903,"w":-0.7165265679359436},"size":1.2337061166763306,"orthographic":false}