{"cameraMode":{"drawMode":0,"name":"Shaded","section":"Shading Mode"},"sceneLighting":false,"audioPlay":false,"sceneViewState":{"m_AlwaysRefresh":false,"showFog":true,"showSkybox":false,"showFlares":true,"showImageEffects":true,"showParticleSystems":true,"showVisualEffectGraphs":true,"m_FxEnabled":true},"in2DMode":false,"pivot":{"x":0.11200003325939179,"y":-0.1378999799489975,"z":0.3506232500076294},"rotation":{"x":-0.13024303317070008,"y":0.05472428351640701,"z":-0.007237045560032129,"w":-0.9899952411651611},"size":0.33532002568244936,"orthographic":false}