{"cameraMode":{"drawMode":0,"name":"Shaded","section":"Shading Mode"},"sceneLighting":false,"audioPlay":false,"sceneViewState":{"m_AlwaysRefresh":false,"showFog":true,"showSkybox":false,"showFlares":true,"showImageEffects":true,"showParticleSystems":true,"showVisualEffectGraphs":true,"m_FxEnabled":true},"in2DMode":false,"pivot":{"x":-2.384185791015625e-7,"y":2.000004768371582,"z":0.000004649162292480469},"rotation":{"x":-0.08368600904941559,"y":-0.3857839107513428,"z":0.03516896814107895,"w":-0.9181520938873291},"size":3.5640439987182619,"orthographic":false}