{"cameraMode":{"drawMode":0,"name":"Shaded","section":"Shading Mode"},"sceneLighting":true,"audioPlay":false,"sceneViewState":{"m_AlwaysRefresh":false,"showFog":true,"showSkybox":false,"showFlares":true,"showImageEffects":true,"showParticleSystems":true,"showVisualEffectGraphs":true,"m_FxEnabled":true},"in2DMode":false,"pivot":{"x":-0.09949851036071778,"y":2.0268425941467287,"z":0.07922059297561646},"rotation":{"x":-0.025517646223306657,"y":-0.6117675304412842,"z":-0.019473914057016374,"w":0.7905777096748352},"size":1.0929656028747559,"orthographic":false}