{"cameraMode":{"drawMode":0,"name":"Shaded","section":"Shading Mode"},"sceneLighting":false,"audioPlay":false,"sceneViewState":{"m_AlwaysRefresh":false,"showFog":true,"showSkybox":false,"showFlares":true,"showImageEffects":true,"showParticleSystems":true,"showVisualEffectGraphs":true,"m_FxEnabled":true},"in2DMode":false,"pivot":{"x":-32.36774826049805,"y":7.212708473205566,"z":0.6111147999763489},"rotation":{"x":0.10307726263999939,"y":0.7314594984054565,"z":-0.11346136033535004,"w":0.6644429564476013},"size":0.31332841515541079,"orthographic":false}