{"cameraMode":{"drawMode":0,"name":"Shaded","section":"Shading Mode"},"sceneLighting":false,"audioPlay":false,"sceneViewState":{"m_AlwaysRefresh":false,"showFog":true,"showSkybox":false,"showFlares":true,"showImageEffects":true,"showParticleSystems":true,"showVisualEffectGraphs":true,"m_FxEnabled":true},"in2DMode":false,"pivot":{"x":5.5663933753967289,"y":1.0742441415786744,"z":-16.458118438720704},"rotation":{"x":0.03752489387989044,"y":-0.7927562594413757,"z":0.049067262560129169,"w":0.6064584851264954},"size":1.2247449159622193,"orthographic":true}