{"cameraMode":{"drawMode":0,"name":"Shaded","section":"Shading Mode"},"sceneLighting":false,"audioPlay":false,"sceneViewState":{"m_AlwaysRefresh":false,"showFog":true,"showSkybox":false,"showFlares":true,"showImageEffects":true,"showParticleSystems":true,"showVisualEffectGraphs":true,"m_FxEnabled":true},"in2DMode":false,"pivot":{"x":0.45583224296569826,"y":-1.0206059217453004,"z":1.242082118988037},"rotation":{"x":0.1718020886182785,"y":0.7919814586639404,"z":-0.25884684920310976,"w":0.5256128907203674},"size":1.5615917444229127,"orthographic":false}